No getter field name,Declaring class,Package
TO_STRING_STYLE,AnnotationUtils,org.apache.commons.lang3
prefix,AppendableJoiner,org.apache.commons.lang3
suffix,AppendableJoiner,org.apache.commons.lang3
delimiter,AppendableJoiner,org.apache.commons.lang3
appender,AppendableJoiner,org.apache.commons.lang3
prefix,Builder,org.apache.commons.lang3
suffix,Builder,org.apache.commons.lang3
delimiter,Builder,org.apache.commons.lang3
appender,Builder,org.apache.commons.lang3
ARCH_TO_PROCESSOR,ArchUtils,org.apache.commons.lang3
mask,BitField,org.apache.commons.lang3
shiftCount,BitField,org.apache.commons.lang3
BOOLEAN_LIST,BooleanUtils,org.apache.commons.lang3
NOT_FOUND,CharSequenceUtils,org.apache.commons.lang3
serialVersionUID,CharSet,org.apache.commons.lang3
set,CharSet,org.apache.commons.lang3
CHAR_STRING_ARRAY,CharUtils,org.apache.commons.lang3
HEX_DIGITS,CharUtils,org.apache.commons.lang3
EMPTY_URL_ARRAY,ClassLoaderUtils,org.apache.commons.lang3
COMPARATOR,ClassUtils,org.apache.commons.lang3
namePrimitiveMap,ClassUtils,org.apache.commons.lang3
primitiveWrapperMap,ClassUtils,org.apache.commons.lang3
wrapperPrimitiveMap,ClassUtils,org.apache.commons.lang3
abbreviationMap,ClassUtils,org.apache.commons.lang3
reverseAbbreviationMap,ClassUtils,org.apache.commons.lang3
TTTT,Conversion,org.apache.commons.lang3
FTTT,Conversion,org.apache.commons.lang3
TFTT,Conversion,org.apache.commons.lang3
FFTT,Conversion,org.apache.commons.lang3
TTFT,Conversion,org.apache.commons.lang3
FTFT,Conversion,org.apache.commons.lang3
TFFT,Conversion,org.apache.commons.lang3
FFFT,Conversion,org.apache.commons.lang3
TTTF,Conversion,org.apache.commons.lang3
FTTF,Conversion,org.apache.commons.lang3
TFTF,Conversion,org.apache.commons.lang3
FFTF,Conversion,org.apache.commons.lang3
TTFF,Conversion,org.apache.commons.lang3
FTFF,Conversion,org.apache.commons.lang3
TFFF,Conversion,org.apache.commons.lang3
FFFF,Conversion,org.apache.commons.lang3
serialVersionUID,DoubleRange,org.apache.commons.lang3
CANNOT_STORE_S_S_VALUES_IN_S_BITS,EnumUtils,org.apache.commons.lang3
ENUM_CLASS_MUST_BE_DEFINED,EnumUtils,org.apache.commons.lang3
NULL_ELEMENTS_NOT_PERMITTED,EnumUtils,org.apache.commons.lang3
S_DOES_NOT_SEEM_TO_BE_AN_ENUM_TYPE,EnumUtils,org.apache.commons.lang3
serialVersionUID,IntegerRange,org.apache.commons.lang3
UNDERSCORE,LocaleUtils,org.apache.commons.lang3
UNDETERMINED,LocaleUtils,org.apache.commons.lang3
DASH,LocaleUtils,org.apache.commons.lang3
cLanguagesByCountry,LocaleUtils,org.apache.commons.lang3
cCountriesByLanguage,LocaleUtils,org.apache.commons.lang3
serialVersionUID,LongRange,org.apache.commons.lang3
serialVersionUID,NotImplementedException,org.apache.commons.lang3
serialVersionUID,NumberRange,org.apache.commons.lang3
AT_SIGN,ObjectUtils,org.apache.commons.lang3
serialVersionUID,Null,org.apache.commons.lang3
SECURE_SUPPLIER,RandomStringUtils,org.apache.commons.lang3
INSECURE,RandomStringUtils,org.apache.commons.lang3
SECURE,RandomStringUtils,org.apache.commons.lang3
SECURE_STRONG,RandomStringUtils,org.apache.commons.lang3
ALPHANUMERICAL_CHARS,RandomStringUtils,org.apache.commons.lang3
ASCII_0,RandomStringUtils,org.apache.commons.lang3
ASCII_9,RandomStringUtils,org.apache.commons.lang3
ASCII_A,RandomStringUtils,org.apache.commons.lang3
ASCII_z,RandomStringUtils,org.apache.commons.lang3
random,RandomStringUtils,org.apache.commons.lang3
INSECURE,RandomUtils,org.apache.commons.lang3
SECURE,RandomUtils,org.apache.commons.lang3
SECURE_STRONG_SUPPLIER,RandomUtils,org.apache.commons.lang3
SECURE_STRONG,RandomUtils,org.apache.commons.lang3
SECURE_RANDOM_STRONG,RandomUtils,org.apache.commons.lang3
random,RandomUtils,org.apache.commons.lang3
serialVersionUID,Range,org.apache.commons.lang3
hashCode,Range,org.apache.commons.lang3
toString,Range,org.apache.commons.lang3
serialVersionUID,SerializationException,org.apache.commons.lang3
characteristics,ArrayCollector,org.apache.commons.lang3
elementType,ArrayCollector,org.apache.commons.lang3
stream,FailableStream,org.apache.commons.lang3
terminated,FailableStream,org.apache.commons.lang3
PAD_LIMIT,StringUtils,org.apache.commons.lang3
DEFAULT_TTL,StringUtils,org.apache.commons.lang3
STRIP_ACCENTS_PATTERN,StringUtils,org.apache.commons.lang3
ignoreCase,Strings,org.apache.commons.lang3
nullIsLess,Strings,org.apache.commons.lang3
ignoreCase,Builder,org.apache.commons.lang3
nullIsLess,Builder,org.apache.commons.lang3
OS_NAME_WINDOWS_PREFIX,SystemUtils,org.apache.commons.lang3
JAVA_SPECIFICATION_VERSION_AS_ENUM,SystemUtils,org.apache.commons.lang3
ALWAYS_TRUE,ThreadUtils,org.apache.commons.lang3
name,NamePredicate,org.apache.commons.lang3
threadId,ThreadIdPredicate,org.apache.commons.lang3
DEFAULT_NOT_NAN_EX_MESSAGE,Validate,org.apache.commons.lang3
DEFAULT_FINITE_EX_MESSAGE,Validate,org.apache.commons.lang3
DEFAULT_EXCLUSIVE_BETWEEN_EX_MESSAGE,Validate,org.apache.commons.lang3
DEFAULT_INCLUSIVE_BETWEEN_EX_MESSAGE,Validate,org.apache.commons.lang3
DEFAULT_MATCHES_PATTERN_EX,Validate,org.apache.commons.lang3
DEFAULT_IS_NULL_EX_MESSAGE,Validate,org.apache.commons.lang3
DEFAULT_IS_TRUE_EX_MESSAGE,Validate,org.apache.commons.lang3
DEFAULT_NO_NULL_ELEMENTS_ARRAY_EX_MESSAGE,Validate,org.apache.commons.lang3
DEFAULT_NO_NULL_ELEMENTS_COLLECTION_EX_MESSAGE,Validate,org.apache.commons.lang3
DEFAULT_NOT_BLANK_EX_MESSAGE,Validate,org.apache.commons.lang3
DEFAULT_NOT_EMPTY_ARRAY_EX_MESSAGE,Validate,org.apache.commons.lang3
DEFAULT_NOT_EMPTY_CHAR_SEQUENCE_EX_MESSAGE,Validate,org.apache.commons.lang3
DEFAULT_NOT_EMPTY_COLLECTION_EX_MESSAGE,Validate,org.apache.commons.lang3
DEFAULT_NOT_EMPTY_MAP_EX_MESSAGE,Validate,org.apache.commons.lang3
DEFAULT_VALID_INDEX_ARRAY_EX_MESSAGE,Validate,org.apache.commons.lang3
DEFAULT_VALID_INDEX_CHAR_SEQUENCE_EX_MESSAGE,Validate,org.apache.commons.lang3
DEFAULT_VALID_INDEX_COLLECTION_EX_MESSAGE,Validate,org.apache.commons.lang3
DEFAULT_VALID_STATE_EX_MESSAGE,Validate,org.apache.commons.lang3
DEFAULT_IS_ASSIGNABLE_EX_MESSAGE,Validate,org.apache.commons.lang3
DEFAULT_IS_INSTANCE_OF_EX_MESSAGE,Validate,org.apache.commons.lang3
comparison,CompareToBuilder,org.apache.commons.lang3.builder
serialVersionUID,Diff,org.apache.commons.lang3.builder
diffs,DiffBuilder,org.apache.commons.lang3.builder
equals,DiffBuilder,org.apache.commons.lang3.builder
left,DiffBuilder,org.apache.commons.lang3.builder
right,DiffBuilder,org.apache.commons.lang3.builder
style,DiffBuilder,org.apache.commons.lang3.builder
toStringFormat,DiffBuilder,org.apache.commons.lang3.builder
left,Builder,org.apache.commons.lang3.builder
right,Builder,org.apache.commons.lang3.builder
style,Builder,org.apache.commons.lang3.builder
testObjectsEquals,Builder,org.apache.commons.lang3.builder
toStringFormat,Builder,org.apache.commons.lang3.builder
diffList,DiffResult,org.apache.commons.lang3.builder
lhs,DiffResult,org.apache.commons.lang3.builder
rhs,DiffResult,org.apache.commons.lang3.builder
style,DiffResult,org.apache.commons.lang3.builder
toStringFormat,DiffResult,org.apache.commons.lang3.builder
REGISTRY,EqualsBuilder,org.apache.commons.lang3.builder
isEquals,EqualsBuilder,org.apache.commons.lang3.builder
testTransients,EqualsBuilder,org.apache.commons.lang3.builder
testRecursive,EqualsBuilder,org.apache.commons.lang3.builder
bypassReflectionClasses,EqualsBuilder,org.apache.commons.lang3.builder
reflectUpToClass,EqualsBuilder,org.apache.commons.lang3.builder
excludeFields,EqualsBuilder,org.apache.commons.lang3.builder
DEFAULT_INITIAL_VALUE,HashCodeBuilder,org.apache.commons.lang3.builder
DEFAULT_MULTIPLIER_VALUE,HashCodeBuilder,org.apache.commons.lang3.builder
REGISTRY,HashCodeBuilder,org.apache.commons.lang3.builder
iConstant,HashCodeBuilder,org.apache.commons.lang3.builder
iTotal,HashCodeBuilder,org.apache.commons.lang3.builder
serialVersionUID,MultilineRecursiveToStringStyle,org.apache.commons.lang3.builder
INDENT,MultilineRecursiveToStringStyle,org.apache.commons.lang3.builder
spaces,MultilineRecursiveToStringStyle,org.apache.commons.lang3.builder
serialVersionUID,RecursiveToStringStyle,org.apache.commons.lang3.builder
diffBuilder,ReflectionDiffBuilder,org.apache.commons.lang3.builder
excludeFieldNames,Builder,org.apache.commons.lang3.builder
diffBuilder,Builder,org.apache.commons.lang3.builder
appendStatics,ReflectionToStringBuilder,org.apache.commons.lang3.builder
appendTransients,ReflectionToStringBuilder,org.apache.commons.lang3.builder
excludeNullValues,ReflectionToStringBuilder,org.apache.commons.lang3.builder
serialVersionUID,StandardToStringStyle,org.apache.commons.lang3.builder
buffer,ToStringBuilder,org.apache.commons.lang3.builder
serialVersionUID,ToStringStyle,org.apache.commons.lang3.builder
REGISTRY,ToStringStyle,org.apache.commons.lang3.builder
useFieldNames,ToStringStyle,org.apache.commons.lang3.builder
useClassName,ToStringStyle,org.apache.commons.lang3.builder
useShortClassName,ToStringStyle,org.apache.commons.lang3.builder
useIdentityHashCode,ToStringStyle,org.apache.commons.lang3.builder
contentStart,ToStringStyle,org.apache.commons.lang3.builder
contentEnd,ToStringStyle,org.apache.commons.lang3.builder
fieldNameValueSeparator,ToStringStyle,org.apache.commons.lang3.builder
fieldSeparatorAtStart,ToStringStyle,org.apache.commons.lang3.builder
fieldSeparatorAtEnd,ToStringStyle,org.apache.commons.lang3.builder
fieldSeparator,ToStringStyle,org.apache.commons.lang3.builder
arrayStart,ToStringStyle,org.apache.commons.lang3.builder
arraySeparator,ToStringStyle,org.apache.commons.lang3.builder
arrayContentDetail,ToStringStyle,org.apache.commons.lang3.builder
arrayEnd,ToStringStyle,org.apache.commons.lang3.builder
defaultFullDetail,ToStringStyle,org.apache.commons.lang3.builder
nullText,ToStringStyle,org.apache.commons.lang3.builder
sizeStartText,ToStringStyle,org.apache.commons.lang3.builder
sizeEndText,ToStringStyle,org.apache.commons.lang3.builder
summaryObjectStartText,ToStringStyle,org.apache.commons.lang3.builder
summaryObjectEndText,ToStringStyle,org.apache.commons.lang3.builder
a,ComparableCheckBuilder,org.apache.commons.lang3.compare
serialVersionUID,ObjectToStringComparator,org.apache.commons.lang3.compare
changeSupport,AbstractCircuitBreaker,org.apache.commons.lang3.concurrent
closer,AbstractConcurrentInitializer,org.apache.commons.lang3.concurrent
initializer,AbstractConcurrentInitializer,org.apache.commons.lang3.concurrent
NO_INIT,AtomicInitializer,org.apache.commons.lang3.concurrent
reference,AtomicInitializer,org.apache.commons.lang3.concurrent
NO_INIT,AtomicSafeInitializer,org.apache.commons.lang3.concurrent
factory,AtomicSafeInitializer,org.apache.commons.lang3.concurrent
reference,AtomicSafeInitializer,org.apache.commons.lang3.concurrent
executor,BackgroundInitializer,org.apache.commons.lang3.concurrent
externalExecutor,Builder,org.apache.commons.lang3.concurrent
threadCounter,BasicThreadFactory,org.apache.commons.lang3.concurrent
daemon,BasicThreadFactory,org.apache.commons.lang3.concurrent
factory,Builder,org.apache.commons.lang3.concurrent
exceptionHandler,Builder,org.apache.commons.lang3.concurrent
namingPattern,Builder,org.apache.commons.lang3.concurrent
priority,Builder,org.apache.commons.lang3.concurrent
daemon,Builder,org.apache.commons.lang3.concurrent
callable,CallableBackgroundInitializer,org.apache.commons.lang3.concurrent
serialVersionUID,CircuitBreakingException,org.apache.commons.lang3.concurrent
serialVersionUID,ConcurrentException,org.apache.commons.lang3.concurrent
serialVersionUID,ConcurrentRuntimeException,org.apache.commons.lang3.concurrent
FMT_TO_STRING,ConstantInitializer,org.apache.commons.lang3.concurrent
STRATEGY_MAP,EventCountCircuitBreaker,org.apache.commons.lang3.concurrent
checkIntervalData,EventCountCircuitBreaker,org.apache.commons.lang3.concurrent
NO_INIT,LazyInitializer,org.apache.commons.lang3.concurrent
object,LazyInitializer,org.apache.commons.lang3.concurrent
cache,Memoizer,org.apache.commons.lang3.concurrent
mappingFunction,Memoizer,org.apache.commons.lang3.concurrent
recalculate,Memoizer,org.apache.commons.lang3.concurrent
childInitializers,MultiBackgroundInitializer,org.apache.commons.lang3.concurrent
initializers,MultiBackgroundInitializerResults,org.apache.commons.lang3.concurrent
resultObjects,MultiBackgroundInitializerResults,org.apache.commons.lang3.concurrent
exceptions,MultiBackgroundInitializerResults,org.apache.commons.lang3.concurrent
INITIAL_COUNT,ThresholdCircuitBreaker,org.apache.commons.lang3.concurrent
used,ThresholdCircuitBreaker,org.apache.commons.lang3.concurrent
THREAD_POOL_SIZE,TimedSemaphore,org.apache.commons.lang3.concurrent
executorService,TimedSemaphore,org.apache.commons.lang3.concurrent
ownExecutor,TimedSemaphore,org.apache.commons.lang3.concurrent
task,TimedSemaphore,org.apache.commons.lang3.concurrent
totalAcquireCount,TimedSemaphore,org.apache.commons.lang3.concurrent
periodCount,TimedSemaphore,org.apache.commons.lang3.concurrent
lastCallsPerPeriod,TimedSemaphore,org.apache.commons.lang3.concurrent
shutdown,TimedSemaphore,org.apache.commons.lang3.concurrent
serialVersionUID,UncheckedExecutionException,org.apache.commons.lang3.concurrent
serialVersionUID,UncheckedTimeoutException,org.apache.commons.lang3.concurrent
readLockSupplier,LockVisitor,org.apache.commons.lang3.concurrent.locks
writeLockSupplier,LockVisitor,org.apache.commons.lang3.concurrent.locks
serialVersionUID,EventListenerSupport,org.apache.commons.lang3.event
proxy,EventListenerSupport,org.apache.commons.lang3.event
prototypeArray,EventListenerSupport,org.apache.commons.lang3.event
serialVersionUID,CloneFailedException,org.apache.commons.lang3.exception
serialVersionUID,ContextedException,org.apache.commons.lang3.exception
exceptionContext,ContextedException,org.apache.commons.lang3.exception
serialVersionUID,ContextedRuntimeException,org.apache.commons.lang3.exception
exceptionContext,ContextedRuntimeException,org.apache.commons.lang3.exception
serialVersionUID,DefaultExceptionContext,org.apache.commons.lang3.exception
CAUSE_METHOD_NAMES,ExceptionUtils,org.apache.commons.lang3.exception
NOT_FOUND,ExceptionUtils,org.apache.commons.lang3.exception
serialVersionUID,UncheckedException,org.apache.commons.lang3.exception
serialVersionUID,UncheckedIllegalAccessException,org.apache.commons.lang3.exception
serialVersionUID,UncheckedInterruptedException,org.apache.commons.lang3.exception
serialVersionUID,UncheckedReflectiveOperationException,org.apache.commons.lang3.exception
NOP,Consumers,org.apache.commons.lang3.function
NUL,Suppliers,org.apache.commons.lang3.function
serialVersionUID,Fraction,org.apache.commons.lang3.math
hashCode,Fraction,org.apache.commons.lang3.math
toString,Fraction,org.apache.commons.lang3.math
toProperString,Fraction,org.apache.commons.lang3.math
serialVersionUID,MutableBoolean,org.apache.commons.lang3.mutable
serialVersionUID,MutableByte,org.apache.commons.lang3.mutable
serialVersionUID,MutableDouble,org.apache.commons.lang3.mutable
serialVersionUID,MutableFloat,org.apache.commons.lang3.mutable
serialVersionUID,MutableInt,org.apache.commons.lang3.mutable
serialVersionUID,MutableLong,org.apache.commons.lang3.mutable
serialVersionUID,MutableObject,org.apache.commons.lang3.mutable
serialVersionUID,MutableShort,org.apache.commons.lang3.mutable
METHOD_BY_SIGNATURE,MethodUtils,org.apache.commons.lang3.reflect
T,TypeLiteral,org.apache.commons.lang3.reflect
toString,TypeLiteral,org.apache.commons.lang3.reflect
AMP_JOINER,TypeUtils,org.apache.commons.lang3.reflect
CTJ_JOINER,TypeUtils,org.apache.commons.lang3.reflect
GT_JOINER,TypeUtils,org.apache.commons.lang3.reflect
upperBounds,WildcardTypeBuilder,org.apache.commons.lang3.reflect
lowerBounds,WildcardTypeBuilder,org.apache.commons.lang3.reflect
CH_NOID,LangCollectors,org.apache.commons.lang3.stream
characteristics,ArrayCollector,org.apache.commons.lang3.stream
elementType,ArrayCollector,org.apache.commons.lang3.stream
stream,FailableStream,org.apache.commons.lang3.stream
terminated,FailableStream,org.apache.commons.lang3.stream
serialVersionUID,CompositeFormat,org.apache.commons.lang3.text
serialVersionUID,ExtendedMessageFormat,org.apache.commons.lang3.text
HASH_SEED,ExtendedMessageFormat,org.apache.commons.lang3.text
DUMMY_PATTERN,ExtendedMessageFormat,org.apache.commons.lang3.text
START_FMT,ExtendedMessageFormat,org.apache.commons.lang3.text
END_FE,ExtendedMessageFormat,org.apache.commons.lang3.text
START_FE,ExtendedMessageFormat,org.apache.commons.lang3.text
QUOTE,ExtendedMessageFormat,org.apache.commons.lang3.text
toPattern,ExtendedMessageFormat,org.apache.commons.lang3.text
registry,ExtendedMessageFormat,org.apache.commons.lang3.text
SIMPLEST_FORMAT,FormattableUtils,org.apache.commons.lang3.text
serialVersionUID,StrBuilder,org.apache.commons.lang3.text
newLine,StrBuilder,org.apache.commons.lang3.text
NONE_LOOKUP,StrLookup,org.apache.commons.lang3.text
SYSTEM_PROPERTIES_LOOKUP,StrLookup,org.apache.commons.lang3.text
COMMA_MATCHER,StrMatcher,org.apache.commons.lang3.text
TAB_MATCHER,StrMatcher,org.apache.commons.lang3.text
SPACE_MATCHER,StrMatcher,org.apache.commons.lang3.text
SPLIT_MATCHER,StrMatcher,org.apache.commons.lang3.text
TRIM_MATCHER,StrMatcher,org.apache.commons.lang3.text
SINGLE_QUOTE_MATCHER,StrMatcher,org.apache.commons.lang3.text
DOUBLE_QUOTE_MATCHER,StrMatcher,org.apache.commons.lang3.text
QUOTE_MATCHER,StrMatcher,org.apache.commons.lang3.text
NONE_MATCHER,StrMatcher,org.apache.commons.lang3.text
prefixMatcher,StrSubstitutor,org.apache.commons.lang3.text
suffixMatcher,StrSubstitutor,org.apache.commons.lang3.text
enableSubstitutionInVariables,StrSubstitutor,org.apache.commons.lang3.text
preserveEscapes,StrSubstitutor,org.apache.commons.lang3.text
CSV_TOKENIZER_PROTOTYPE,StrTokenizer,org.apache.commons.lang3.text
TSV_TOKENIZER_PROTOTYPE,StrTokenizer,org.apache.commons.lang3.text
chars,StrTokenizer,org.apache.commons.lang3.text
tokens,StrTokenizer,org.apache.commons.lang3.text
tokenPos,StrTokenizer,org.apache.commons.lang3.text
delimMatcher,StrTokenizer,org.apache.commons.lang3.text
emptyAsNull,StrTokenizer,org.apache.commons.lang3.text
ignoreEmptyTokens,StrTokenizer,org.apache.commons.lang3.text
translators,AggregateTranslator,org.apache.commons.lang3.text.translate
ISO8859_1_ESCAPE,EntityArrays,org.apache.commons.lang3.text.translate
ISO8859_1_UNESCAPE,EntityArrays,org.apache.commons.lang3.text.translate
HTML40_EXTENDED_ESCAPE,EntityArrays,org.apache.commons.lang3.text.translate
HTML40_EXTENDED_UNESCAPE,EntityArrays,org.apache.commons.lang3.text.translate
BASIC_ESCAPE,EntityArrays,org.apache.commons.lang3.text.translate
BASIC_UNESCAPE,EntityArrays,org.apache.commons.lang3.text.translate
APOS_ESCAPE,EntityArrays,org.apache.commons.lang3.text.translate
APOS_UNESCAPE,EntityArrays,org.apache.commons.lang3.text.translate
JAVA_CTRL_CHARS_ESCAPE,EntityArrays,org.apache.commons.lang3.text.translate
JAVA_CTRL_CHARS_UNESCAPE,EntityArrays,org.apache.commons.lang3.text.translate
lookupMap,LookupTranslator,org.apache.commons.lang3.text.translate
prefixSet,LookupTranslator,org.apache.commons.lang3.text.translate
shortest,LookupTranslator,org.apache.commons.lang3.text.translate
longest,LookupTranslator,org.apache.commons.lang3.text.translate
below,NumericEntityEscaper,org.apache.commons.lang3.text.translate
above,NumericEntityEscaper,org.apache.commons.lang3.text.translate
between,NumericEntityEscaper,org.apache.commons.lang3.text.translate
options,NumericEntityUnescaper,org.apache.commons.lang3.text.translate
below,UnicodeEscaper,org.apache.commons.lang3.text.translate
above,UnicodeEscaper,org.apache.commons.lang3.text.translate
between,UnicodeEscaper,org.apache.commons.lang3.text.translate
calendar,CalendarUtils,org.apache.commons.lang3.time
locale,CalendarUtils,org.apache.commons.lang3.time
UTC_TIME_ZONE,DateFormatUtils,org.apache.commons.lang3.time
fields,DateUtils,org.apache.commons.lang3.time
MINUTES_PER_HOUR,DurationFormatUtils,org.apache.commons.lang3.time
SECONDS_PER_MINUTES,DurationFormatUtils,org.apache.commons.lang3.time
HOURS_PER_DAY,DurationFormatUtils,org.apache.commons.lang3.time
serialVersionUID,FastDateFormat,org.apache.commons.lang3.time
cache,FastDateFormat,org.apache.commons.lang3.time
printer,FastDateFormat,org.apache.commons.lang3.time
parser,FastDateFormat,org.apache.commons.lang3.time
serialVersionUID,FastDateParser,org.apache.commons.lang3.time
LONGER_FIRST_LOWERCASE,FastDateParser,org.apache.commons.lang3.time
caches,FastDateParser,org.apache.commons.lang3.time
ABBREVIATED_YEAR_STRATEGY,FastDateParser,org.apache.commons.lang3.time
NUMBER_MONTH_STRATEGY,FastDateParser,org.apache.commons.lang3.time
LITERAL_YEAR_STRATEGY,FastDateParser,org.apache.commons.lang3.time
WEEK_OF_YEAR_STRATEGY,FastDateParser,org.apache.commons.lang3.time
WEEK_OF_MONTH_STRATEGY,FastDateParser,org.apache.commons.lang3.time
DAY_OF_YEAR_STRATEGY,FastDateParser,org.apache.commons.lang3.time
DAY_OF_MONTH_STRATEGY,FastDateParser,org.apache.commons.lang3.time
DAY_OF_WEEK_STRATEGY,FastDateParser,org.apache.commons.lang3.time
DAY_OF_WEEK_IN_MONTH_STRATEGY,FastDateParser,org.apache.commons.lang3.time
HOUR_OF_DAY_STRATEGY,FastDateParser,org.apache.commons.lang3.time
HOUR24_OF_DAY_STRATEGY,FastDateParser,org.apache.commons.lang3.time
HOUR12_STRATEGY,FastDateParser,org.apache.commons.lang3.time
HOUR_STRATEGY,FastDateParser,org.apache.commons.lang3.time
MINUTE_STRATEGY,FastDateParser,org.apache.commons.lang3.time
SECOND_STRATEGY,FastDateParser,org.apache.commons.lang3.time
MILLISECOND_STRATEGY,FastDateParser,org.apache.commons.lang3.time
century,FastDateParser,org.apache.commons.lang3.time
startYear,FastDateParser,org.apache.commons.lang3.time
patterns,FastDateParser,org.apache.commons.lang3.time
EMPTY_RULE_ARRAY,FastDatePrinter,org.apache.commons.lang3.time
serialVersionUID,FastDatePrinter,org.apache.commons.lang3.time
MAX_DIGITS,FastDatePrinter,org.apache.commons.lang3.time
cTimeZoneDisplayCache,FastDatePrinter,org.apache.commons.lang3.time
rules,FastDatePrinter,org.apache.commons.lang3.time
GMT_PATTERN,FastTimeZone,org.apache.commons.lang3.time
GREENWICH,FastTimeZone,org.apache.commons.lang3.time
NANO_2_MILLIS,StopWatch,org.apache.commons.lang3.time
runningState,StopWatch,org.apache.commons.lang3.time
splitState,StopWatch,org.apache.commons.lang3.time
startTimeNanos,StopWatch,org.apache.commons.lang3.time
stopTimeNanos,StopWatch,org.apache.commons.lang3.time
NULL,ImmutablePair,org.apache.commons.lang3.tuple
serialVersionUID,ImmutablePair,org.apache.commons.lang3.tuple
NULL,ImmutableTriple,org.apache.commons.lang3.tuple
serialVersionUID,ImmutableTriple,org.apache.commons.lang3.tuple
serialVersionUID,MutablePair,org.apache.commons.lang3.tuple
serialVersionUID,MutableTriple,org.apache.commons.lang3.tuple
serialVersionUID,Pair,org.apache.commons.lang3.tuple
serialVersionUID,Triple,org.apache.commons.lang3.tuple
serialVersionUID,FluentBitSet,org.apache.commons.lang3.util
bitSet,FluentBitSet,org.apache.commons.lang3.util
field1,AnnotationUtilsTest,org.apache.commons.lang3
field2,AnnotationUtilsTest,org.apache.commons.lang3
field3,AnnotationUtilsTest,org.apache.commons.lang3
field4,AnnotationUtilsTest,org.apache.commons.lang3
IA64,ArchUtilsTest,org.apache.commons.lang3
IA64_32,ArchUtilsTest,org.apache.commons.lang3
PPC,ArchUtilsTest,org.apache.commons.lang3
PPC64,ArchUtilsTest,org.apache.commons.lang3
X86,ArchUtilsTest,org.apache.commons.lang3
X86_64,ArchUtilsTest,org.apache.commons.lang3
AARCH_64,ArchUtilsTest,org.apache.commons.lang3
RISCV_64,ArchUtilsTest,org.apache.commons.lang3
RISCV_32,ArchUtilsTest,org.apache.commons.lang3
NULL_INDICES,ArrayUtilsRemoveMultipleTest,org.apache.commons.lang3
SEED,ArrayUtilsTest,org.apache.commons.lang3
bf_multi,BitFieldTest,org.apache.commons.lang3
bf_single,BitFieldTest,org.apache.commons.lang3
bf_zero,BitFieldTest,org.apache.commons.lang3
TEST_DATA,CharSequenceUtilsTest,org.apache.commons.lang3
WARM_UP,CharUtilsPerfRun,org.apache.commons.lang3
COUNT,CharUtilsPerfRun,org.apache.commons.lang3
ALL_CHARS,CharUtilsPerfRun,org.apache.commons.lang3
CHAR_COPY,CharUtilsTest,org.apache.commons.lang3
CHARACTER_A,CharUtilsTest,org.apache.commons.lang3
CHARACTER_B,CharUtilsTest,org.apache.commons.lang3
OBJECT_CANONICAL_NAME,ClassUtilsTest,org.apache.commons.lang3
range1,DoubleRangeTest,org.apache.commons.lang3
range2,DoubleRangeTest,org.apache.commons.lang3
range3,DoubleRangeTest,org.apache.commons.lang3
rangeFull,DoubleRangeTest,org.apache.commons.lang3
closed,CloseableObject,org.apache.commons.lang3
invocations,FailureOnOddInvocations,org.apache.commons.lang3
serialVersionUID,SomeException,org.apache.commons.lang3
t,SomeException,org.apache.commons.lang3
throwable,Testable,org.apache.commons.lang3
numberOfElementsToCompute,HashSetvBitSetTest,org.apache.commons.lang3
range1,IntegerRangeTest,org.apache.commons.lang3
range2,IntegerRangeTest,org.apache.commons.lang3
range3,IntegerRangeTest,org.apache.commons.lang3
rangeFull,IntegerRangeTest,org.apache.commons.lang3
LOCALE_EN,LocaleUtilsTest,org.apache.commons.lang3
LOCALE_EN_US,LocaleUtilsTest,org.apache.commons.lang3
LOCALE_EN_US_ZZZZ,LocaleUtilsTest,org.apache.commons.lang3
LOCALE_FR,LocaleUtilsTest,org.apache.commons.lang3
LOCALE_FR_CA,LocaleUtilsTest,org.apache.commons.lang3
LOCALE_QQ,LocaleUtilsTest,org.apache.commons.lang3
LOCALE_QQ_ZZ,LocaleUtilsTest,org.apache.commons.lang3
range1,LongRangeTest,org.apache.commons.lang3
range2,LongRangeTest,org.apache.commons.lang3
range3,LongRangeTest,org.apache.commons.lang3
rangeFull,LongRangeTest,org.apache.commons.lang3
message,ObjectToStringRuntimeException,org.apache.commons.lang3
NULL_SUPPLIER,ObjectUtilsTest,org.apache.commons.lang3
FOO,ObjectUtilsTest,org.apache.commons.lang3
BAR,ObjectUtilsTest,org.apache.commons.lang3
NON_EMPTY_ARRAY,ObjectUtilsTest,org.apache.commons.lang3
NON_EMPTY_LIST,ObjectUtilsTest,org.apache.commons.lang3
NON_EMPTY_SET,ObjectUtilsTest,org.apache.commons.lang3
NON_EMPTY_MAP,ObjectUtilsTest,org.apache.commons.lang3
LOOP_COUNT,RandomStringUtilsTest,org.apache.commons.lang3
DELTA,RandomUtilsTest,org.apache.commons.lang3
byteRange,RangeTest,org.apache.commons.lang3
byteRange2,RangeTest,org.apache.commons.lang3
byteRange3,RangeTest,org.apache.commons.lang3
doubleRange,RangeTest,org.apache.commons.lang3
floatRange,RangeTest,org.apache.commons.lang3
intRange,RangeTest,org.apache.commons.lang3
longRange,RangeTest,org.apache.commons.lang3
iString,SerializationUtilsTest,org.apache.commons.lang3
iInteger,SerializationUtilsTest,org.apache.commons.lang3
iMap,SerializationUtilsTest,org.apache.commons.lang3
FOO,StringEscapeUtilsTest,org.apache.commons.lang3
HTML_ESCAPES,StringEscapeUtilsTest,org.apache.commons.lang3
BAR,StringUtilsEqualsIndexOfTest,org.apache.commons.lang3
FOO,StringUtilsEqualsIndexOfTest,org.apache.commons.lang3
FOOBAR,StringUtilsEqualsIndexOfTest,org.apache.commons.lang3
FOOBAR_SUB_ARRAY,StringUtilsEqualsIndexOfTest,org.apache.commons.lang3
foo,StringUtilsStartsEndsWithTest,org.apache.commons.lang3
bar,StringUtilsStartsEndsWithTest,org.apache.commons.lang3
foobar,StringUtilsStartsEndsWithTest,org.apache.commons.lang3
FOO,StringUtilsStartsEndsWithTest,org.apache.commons.lang3
BAR,StringUtilsStartsEndsWithTest,org.apache.commons.lang3
FOOBAR,StringUtilsStartsEndsWithTest,org.apache.commons.lang3
FOO,StringUtilsSubstringTest,org.apache.commons.lang3
BAR,StringUtilsSubstringTest,org.apache.commons.lang3
BAZ,StringUtilsSubstringTest,org.apache.commons.lang3
FOOBAR,StringUtilsSubstringTest,org.apache.commons.lang3
SENTENCE,StringUtilsSubstringTest,org.apache.commons.lang3
ARRAY_LIST,StringUtilsTest,org.apache.commons.lang3
EMPTY_ARRAY_LIST,StringUtilsTest,org.apache.commons.lang3
NULL_ARRAY_LIST,StringUtilsTest,org.apache.commons.lang3
NULL_TO_STRING_LIST,StringUtilsTest,org.apache.commons.lang3
MIXED_ARRAY_LIST,StringUtilsTest,org.apache.commons.lang3
MIXED_TYPE_LIST,StringUtilsTest,org.apache.commons.lang3
LONG_PRIM_LIST,StringUtilsTest,org.apache.commons.lang3
INT_PRIM_LIST,StringUtilsTest,org.apache.commons.lang3
BYTE_PRIM_LIST,StringUtilsTest,org.apache.commons.lang3
SHORT_PRIM_LIST,StringUtilsTest,org.apache.commons.lang3
CHAR_PRIM_LIST,StringUtilsTest,org.apache.commons.lang3
FLOAT_PRIM_LIST,StringUtilsTest,org.apache.commons.lang3
DOUBLE_PRIM_LIST,StringUtilsTest,org.apache.commons.lang3
MIXED_STRING_LIST,StringUtilsTest,org.apache.commons.lang3
MIXED_TYPE_OBJECT_LIST,StringUtilsTest,org.apache.commons.lang3
STRING_LIST,StringUtilsTest,org.apache.commons.lang3
EMPTY_STRING_LIST,StringUtilsTest,org.apache.commons.lang3
NULL_STRING_LIST,StringUtilsTest,org.apache.commons.lang3
SEPARATOR,StringUtilsTest,org.apache.commons.lang3
SEPARATOR_CHAR,StringUtilsTest,org.apache.commons.lang3
COMMA_SEPARATOR_CHAR,StringUtilsTest,org.apache.commons.lang3
TEXT_LIST,StringUtilsTest,org.apache.commons.lang3
TEXT_LIST_CHAR,StringUtilsTest,org.apache.commons.lang3
TEXT_LIST_NOSEP,StringUtilsTest,org.apache.commons.lang3
FOO_UNCAP,StringUtilsTest,org.apache.commons.lang3
FOO_CAP,StringUtilsTest,org.apache.commons.lang3
SENTENCE_UNCAP,StringUtilsTest,org.apache.commons.lang3
SENTENCE_CAP,StringUtilsTest,org.apache.commons.lang3
EMPTY,StringUtilsTest,org.apache.commons.lang3
ARRAY_FALSE_FALSE,StringUtilsTest,org.apache.commons.lang3
ARRAY_FALSE_TRUE,StringUtilsTest,org.apache.commons.lang3
ARRAY_FALSE_TRUE_FALSE,StringUtilsTest,org.apache.commons.lang3
FOO,StringUtilsTrimStripTest,org.apache.commons.lang3
base,DefaultToStringStyleTest,org.apache.commons.lang3.builder
baseStr,DefaultToStringStyleTest,org.apache.commons.lang3.builder
SHORT_STYLE,DiffBuilderTest,org.apache.commons.lang3.builder
SHORT_STYLE,DiffResultTest,org.apache.commons.lang3.builder
SIMPLE_FALSE,DiffResultTest,org.apache.commons.lang3.builder
SIMPLE_TRUE,DiffResultTest,org.apache.commons.lang3.builder
FIELD_NAME,DiffTest,org.apache.commons.lang3.builder
booleanDiff,DiffTest,org.apache.commons.lang3.builder
base,JsonToStringStyleTest,org.apache.commons.lang3.builder
base,MultiLineToStringStyleTest,org.apache.commons.lang3.builder
baseStr,MultiLineToStringStyleTest,org.apache.commons.lang3.builder
LS,MultilineRecursiveToStringStyleTest,org.apache.commons.lang3.builder
BASE_WITH_ARRAYS_TO_STRING,MultilineRecursiveToStringStyleTest,org.apache.commons.lang3.builder
base,NoClassNameToStringStyleTest,org.apache.commons.lang3.builder
base,NoFieldNamesToStringStyleTest,org.apache.commons.lang3.builder
baseStr,NoFieldNamesToStringStyleTest,org.apache.commons.lang3.builder
base,RecursiveToStringStyleTest,org.apache.commons.lang3.builder
baseStr,RecursiveToStringStyleTest,org.apache.commons.lang3.builder
SHORT_STYLE,ReflectionDiffBuilderTest,org.apache.commons.lang3.builder
DATA_SIZE,ReflectionToStringBuilderConcurrencyTest,org.apache.commons.lang3.builder
REPEAT,ReflectionToStringBuilderConcurrencyTest,org.apache.commons.lang3.builder
stringField,ReflectionToStringBuilderCustomImplementationTest,org.apache.commons.lang3.builder
CUSTOM_PREFIX,CustomReflectionToStringBuilder,org.apache.commons.lang3.builder
INTEGER_FIELD_NAME,ReflectionToStringBuilderExcludeNullValuesTest,org.apache.commons.lang3.builder
STRING_FIELD_NAME,ReflectionToStringBuilderExcludeNullValuesTest,org.apache.commons.lang3.builder
BOTH_NON_NULL,ReflectionToStringBuilderExcludeNullValuesTest,org.apache.commons.lang3.builder
FIRST_NULL,ReflectionToStringBuilderExcludeNullValuesTest,org.apache.commons.lang3.builder
SECOND_NULL,ReflectionToStringBuilderExcludeNullValuesTest,org.apache.commons.lang3.builder
BOTH_NULL,ReflectionToStringBuilderExcludeNullValuesTest,org.apache.commons.lang3.builder
NOT_SECRET_FIELD,ReflectionToStringBuilderExcludeTest,org.apache.commons.lang3.builder
NOT_SECRET_VALUE,ReflectionToStringBuilderExcludeTest,org.apache.commons.lang3.builder
SECRET_FIELD,ReflectionToStringBuilderExcludeTest,org.apache.commons.lang3.builder
SECRET_VALUE,ReflectionToStringBuilderExcludeTest,org.apache.commons.lang3.builder
INCLUDED_FIELD_NAME,ReflectionToStringBuilderExcludeWithAnnotationTest,org.apache.commons.lang3.builder
INCLUDED_FIELD_VALUE,ReflectionToStringBuilderExcludeWithAnnotationTest,org.apache.commons.lang3.builder
EXCLUDED_FIELD_NAME,ReflectionToStringBuilderExcludeWithAnnotationTest,org.apache.commons.lang3.builder
EXCLUDED_FIELD_VALUE,ReflectionToStringBuilderExcludeWithAnnotationTest,org.apache.commons.lang3.builder
FIELDS,ReflectionToStringBuilderIncludeTest,org.apache.commons.lang3.builder
VALUES,ReflectionToStringBuilderIncludeTest,org.apache.commons.lang3.builder
SINGLE_FIELD_TO_SHOW,ReflectionToStringBuilderIncludeTest,org.apache.commons.lang3.builder
SINGLE_FIELD_VALUE_TO_SHOW,ReflectionToStringBuilderIncludeTest,org.apache.commons.lang3.builder
FIELDS_TO_SHOW,ReflectionToStringBuilderIncludeTest,org.apache.commons.lang3.builder
FIELDS_VALUES_TO_SHOW,ReflectionToStringBuilderIncludeTest,org.apache.commons.lang3.builder
stringField,ReflectionToStringBuilderSummaryTest,org.apache.commons.lang3.builder
summaryString,ReflectionToStringBuilderSummaryTest,org.apache.commons.lang3.builder
base,ShortPrefixToStringStyleTest,org.apache.commons.lang3.builder
baseStr,ShortPrefixToStringStyleTest,org.apache.commons.lang3.builder
base,SimpleToStringStyleTest,org.apache.commons.lang3.builder
STYLE,StandardToStringStyleTest,org.apache.commons.lang3.builder
base,StandardToStringStyleTest,org.apache.commons.lang3.builder
baseStr,StandardToStringStyleTest,org.apache.commons.lang3.builder
ARRAYLIST_INITIAL_CAPACITY,ToStringBuilderTest,org.apache.commons.lang3.builder
base,ToStringBuilderTest,org.apache.commons.lang3.builder
baseStr,ToStringBuilderTest,org.apache.commons.lang3.builder
LIST,ToStringStyleConcurrencyTest,org.apache.commons.lang3.builder
LIST_SIZE,ToStringStyleConcurrencyTest,org.apache.commons.lang3.builder
REPEAT,ToStringStyleConcurrencyTest,org.apache.commons.lang3.builder
initCounter,AtomicSafeInitializerSupplierTest,org.apache.commons.lang3.concurrent
initializer,AtomicSafeInitializerTest,org.apache.commons.lang3.concurrent
PATTERN,BasicThreadFactoryTest,org.apache.commons.lang3.concurrent
builder,BasicThreadFactoryTest,org.apache.commons.lang3.concurrent
RESULT,CallableBackgroundInitializerTest,org.apache.commons.lang3.concurrent
VALUE,ConstantInitializerTest,org.apache.commons.lang3.concurrent
init,ConstantInitializerTest,org.apache.commons.lang3.concurrent
OPENING_THRESHOLD,EventCountCircuitBreakerTest,org.apache.commons.lang3.concurrent
CLOSING_THRESHOLD,EventCountCircuitBreakerTest,org.apache.commons.lang3.concurrent
NANO_FACTOR,EventCountCircuitBreakerTest,org.apache.commons.lang3.concurrent
closed,LazyInitializerCloserTest,org.apache.commons.lang3.concurrent
closed,LazyInitializerFailableCloserTest,org.apache.commons.lang3.concurrent
initializer,LazyInitializerSingleInstanceTest,org.apache.commons.lang3.concurrent
computable,MemoizerComputableTest,org.apache.commons.lang3.concurrent
function,MemoizerFunctionTest,org.apache.commons.lang3.concurrent
npe,MultiBackgroundInitializerSupplierTest,org.apache.commons.lang3.concurrent
ioException,MultiBackgroundInitializerSupplierTest,org.apache.commons.lang3.concurrent
ioExceptionConsumer,MultiBackgroundInitializerSupplierTest,org.apache.commons.lang3.concurrent
nullPointerExceptionConsumer,MultiBackgroundInitializerSupplierTest,org.apache.commons.lang3.concurrent
CHILD_INIT,MultiBackgroundInitializerTest,org.apache.commons.lang3.concurrent
threshold,ThresholdCircuitBreakerTest,org.apache.commons.lang3.concurrent
zeroThreshold,ThresholdCircuitBreakerTest,org.apache.commons.lang3.concurrent
PERIOD_MILLIS,TimedSemaphoreTest,org.apache.commons.lang3.concurrent
DURATION,TimedSemaphoreTest,org.apache.commons.lang3.concurrent
UNIT,TimedSemaphoreTest,org.apache.commons.lang3.concurrent
LIMIT,TimedSemaphoreTest,org.apache.commons.lang3.concurrent
SHORT_DELAY,LockingVisitorsTest,org.apache.commons.lang3.concurrent.locks
DELAY,LockingVisitorsTest,org.apache.commons.lang3.concurrent.locks
NUMBER_OF_THREADS,LockingVisitorsTest,org.apache.commons.lang3.concurrent.locks
TOTAL_DELAY,LockingVisitorsTest,org.apache.commons.lang3.concurrent.locks
listeners,MultipleEventSource,org.apache.commons.lang3.event
listeners,PropertyChangeSource,org.apache.commons.lang3.event
property,PropertyChangeSource,org.apache.commons.lang3.event
serialVersionUID,CustomCheckedException,org.apache.commons.lang3.exception
serialVersionUID,CustomUncheckedException,org.apache.commons.lang3.exception
cyclicCause,ExceptionUtilsTest,org.apache.commons.lang3.exception
jdkNoCause,ExceptionUtilsTest,org.apache.commons.lang3.exception
nested,ExceptionUtilsTest,org.apache.commons.lang3.exception
notVisibleException,ExceptionUtilsTest,org.apache.commons.lang3.exception
withCause,ExceptionUtilsTest,org.apache.commons.lang3.exception
withoutCause,ExceptionUtilsTest,org.apache.commons.lang3.exception
serialVersionUID,TestThrowable,org.apache.commons.lang3.exception
ERROR,FailableFunctionsTest,org.apache.commons.lang3.function
ILLEGAL_STATE_EXCEPTION,FailableFunctionsTest,org.apache.commons.lang3.function
closed,CloseableObject,org.apache.commons.lang3.function
invocations,FailureOnOddInvocations,org.apache.commons.lang3.function
serialVersionUID,SomeException,org.apache.commons.lang3.function
t,SomeException,org.apache.commons.lang3.function
throwable,Testable,org.apache.commons.lang3.function
supplier,TestableFailableSupplier,org.apache.commons.lang3.function
invoked,TestableFailableSupplier,org.apache.commons.lang3.function
supplier,TestableSupplier,org.apache.commons.lang3.function
invoked,TestableSupplier,org.apache.commons.lang3.function
SKIP,FractionTest,org.apache.commons.lang3.math
classCache,ConstructorUtilsTest,org.apache.commons.lang3.reflect
toString,TestBean,org.apache.commons.lang3.reflect
JACOCO_DATA_FIELD_NAME,FieldUtilsTest,org.apache.commons.lang3.reflect
publicChild,FieldUtilsTest,org.apache.commons.lang3.reflect
publiclyShadowedChild,FieldUtilsTest,org.apache.commons.lang3.reflect
privatelyShadowedChild,FieldUtilsTest,org.apache.commons.lang3.reflect
parentClass,FieldUtilsTest,org.apache.commons.lang3.reflect
testBean,MethodUtilsTest,org.apache.commons.lang3.reflect
classCache,MethodUtilsTest,org.apache.commons.lang3.reflect
serialVersionUID,ClassWithSuperClassWithGenericType,org.apache.commons.lang3.reflect
s,PrivatelyShadowedChild,org.apache.commons.lang3.reflect.testbed
b,PrivatelyShadowedChild,org.apache.commons.lang3.reflect.testbed
i,PrivatelyShadowedChild,org.apache.commons.lang3.reflect.testbed
d,PrivatelyShadowedChild,org.apache.commons.lang3.reflect.testbed
IMMUTABLE_PRIVATE,StaticContainer,org.apache.commons.lang3.reflect.testbed
IMMUTABLE_PRIVATE_2,StaticContainer,org.apache.commons.lang3.reflect.testbed
_1L,LangCollectorsTest,org.apache.commons.lang3.stream
_2L,LangCollectorsTest,org.apache.commons.lang3.stream
_3L,LangCollectorsTest,org.apache.commons.lang3.stream
TO_STRING,LangCollectorsTest,org.apache.commons.lang3.stream
JOINING_0,LangCollectorsTest,org.apache.commons.lang3.stream
JOINING_1,LangCollectorsTest,org.apache.commons.lang3.stream
JOINING_3,LangCollectorsTest,org.apache.commons.lang3.stream
JOINING_4,LangCollectorsTest,org.apache.commons.lang3.stream
JOINING_4_NUL,LangCollectorsTest,org.apache.commons.lang3.stream
registry,ExtendedMessageFormatTest,org.apache.commons.lang3.text
SEP,StrBuilderAppendInsertTest,org.apache.commons.lang3.text
FOO,StrBuilderAppendInsertTest,org.apache.commons.lang3.text
BUFFER1,StrMatcherTest,org.apache.commons.lang3.text
BUFFER2,StrMatcherTest,org.apache.commons.lang3.text
values,StrSubstitutorTest,org.apache.commons.lang3.text
CSV_SIMPLE_FIXTURE,StrTokenizerTest,org.apache.commons.lang3.text
TSV_SIMPLE_FIXTURE,StrTokenizerTest,org.apache.commons.lang3.text
months,DateUtilsFragmentTest,org.apache.commons.lang3.time
days,DateUtilsFragmentTest,org.apache.commons.lang3.time
hours,DateUtilsFragmentTest,org.apache.commons.lang3.time
minutes,DateUtilsFragmentTest,org.apache.commons.lang3.time
seconds,DateUtilsFragmentTest,org.apache.commons.lang3.time
millis,DateUtilsFragmentTest,org.apache.commons.lang3.time
aDate,DateUtilsFragmentTest,org.apache.commons.lang3.time
aCalendar,DateUtilsFragmentTest,org.apache.commons.lang3.time
BASE_DATE,DateUtilsTest,org.apache.commons.lang3.time
DEFAULT_ZONE,DateUtilsTest,org.apache.commons.lang3.time
dateParser,DateUtilsTest,org.apache.commons.lang3.time
dateTimeParser,DateUtilsTest,org.apache.commons.lang3.time
dateAmPm1,DateUtilsTest,org.apache.commons.lang3.time
dateAmPm2,DateUtilsTest,org.apache.commons.lang3.time
dateAmPm3,DateUtilsTest,org.apache.commons.lang3.time
dateAmPm4,DateUtilsTest,org.apache.commons.lang3.time
date0,DateUtilsTest,org.apache.commons.lang3.time
date1,DateUtilsTest,org.apache.commons.lang3.time
date2,DateUtilsTest,org.apache.commons.lang3.time
date3,DateUtilsTest,org.apache.commons.lang3.time
date4,DateUtilsTest,org.apache.commons.lang3.time
date5,DateUtilsTest,org.apache.commons.lang3.time
date6,DateUtilsTest,org.apache.commons.lang3.time
date7,DateUtilsTest,org.apache.commons.lang3.time
date8,DateUtilsTest,org.apache.commons.lang3.time
calAmPm1,DateUtilsTest,org.apache.commons.lang3.time
calAmPm2,DateUtilsTest,org.apache.commons.lang3.time
calAmPm3,DateUtilsTest,org.apache.commons.lang3.time
calAmPm4,DateUtilsTest,org.apache.commons.lang3.time
cal1,DateUtilsTest,org.apache.commons.lang3.time
cal2,DateUtilsTest,org.apache.commons.lang3.time
cal3,DateUtilsTest,org.apache.commons.lang3.time
cal4,DateUtilsTest,org.apache.commons.lang3.time
cal5,DateUtilsTest,org.apache.commons.lang3.time
cal6,DateUtilsTest,org.apache.commons.lang3.time
cal7,DateUtilsTest,org.apache.commons.lang3.time
cal8,DateUtilsTest,org.apache.commons.lang3.time
zone,DateUtilsTest,org.apache.commons.lang3.time
FOUR_YEARS,DurationFormatUtilsTest,org.apache.commons.lang3.time
ISO_8601_DATE_FORMAT,FastDateFormatTest,org.apache.commons.lang3.time
NTHREADS,FastDateFormatTest,org.apache.commons.lang3.time
NROUNDS,FastDateFormatTest,org.apache.commons.lang3.time
timeZone,FastDateParserSDFTest,org.apache.commons.lang3.time
yMdHmsSZ,FastDateParserTest,org.apache.commons.lang3.time
DMY_DOT,FastDateParserTest,org.apache.commons.lang3.time
YMD_SLASH,FastDateParserTest,org.apache.commons.lang3.time
MDY_DASH,FastDateParserTest,org.apache.commons.lang3.time
MDY_SLASH,FastDateParserTest,org.apache.commons.lang3.time
REYKJAVIK,FastDateParserTest,org.apache.commons.lang3.time
NEW_YORK,FastDateParserTest,org.apache.commons.lang3.time
INDIA,FastDateParserTest,org.apache.commons.lang3.time
SWEDEN,FastDateParserTest,org.apache.commons.lang3.time
dateParserProvider,FastDateParserTest,org.apache.commons.lang3.time
NEW_YORK,FastDateParser_MoreOrLessTest,org.apache.commons.lang3.time
Java11Failures,FastDateParser_TimeZoneStrategyTest,org.apache.commons.lang3.time
Java17Failures,FastDateParser_TimeZoneStrategyTest,org.apache.commons.lang3.time
YYYY_MM_DD,FastDatePrinterTest,org.apache.commons.lang3.time
NEW_YORK,FastDatePrinterTest,org.apache.commons.lang3.time
INDIA,FastDatePrinterTest,org.apache.commons.lang3.time
SWEDEN,FastDatePrinterTest,org.apache.commons.lang3.time
PATTERN,FastDatePrinterTimeZonesTest,org.apache.commons.lang3.time
HOURS_23,FastTimeZoneTest,org.apache.commons.lang3.time
HOURS_2,FastTimeZoneTest,org.apache.commons.lang3.time
MINUTES_59,FastTimeZoneTest,org.apache.commons.lang3.time
MINUTES_5,FastTimeZoneTest,org.apache.commons.lang3.time
DATE_PARSER_PARAMETERS,Java15BugFastDateParserTest,org.apache.commons.lang3.time
SPLIT_CLOCK_STR_LEN,StopWatchTest,org.apache.commons.lang3.time
MIN_DURATION,StopWatchTest,org.apache.commons.lang3.time
MESSAGE,StopWatchTest,org.apache.commons.lang3.time
ZERO_HOURS_PREFIX,StopWatchTest,org.apache.commons.lang3.time
ZERO_TIME_ELAPSED,StopWatchTest,org.apache.commons.lang3.time
eightBs,FluentBitSetTest,org.apache.commons.lang3.util
eightFbs,FluentBitSetTest,org.apache.commons.lang3.util
